id,time,res
1,31.625542638000002,941.0
2,30.258028235,949.0
3,25.4828122132,946.0
4,23.272633886,943.0
5,50.121995114600004,951.0
6,24.0016225906,952.0
7,20.1548032026,931.0
8,16.5183431516,929.0
9,27.7212909624,948.0
10,18.370743084,945.0
