id,time
1,25.354274491199998
2,25.3728747382
3,21.903159534100002
4,18.9586199294
5,27.0863489216
6,21.0022431983
7,15.2189369124
8,13.828019800499998
9,25.1194263003
10,16.8178499614
