id,time
1,23.9086917817
2,22.0399826902
3,19.3508416423
4,15.5195633418
5,21.163229804700002
6,17.5121149026
7,14.0472301028
8,12.1640761389
9,20.024143635999998
10,13.1742402826
