id,time
1,23.9086917817
2,22.0399826902
3,19.3508416423
