id,time
1,25.354274491199998
2,25.3728747382
3,21.903159534100002
