id,time,res
1,57.6368942072,941.0
2,53.4118209762,949.0
3,55.858193840800006,946.0
4,52.923856309200005,943.0
5,72.8652807524,951.0
6,51.5605781502,952.0
7,44.4837123798,931.0
8,37.707812851599996,929.0
9,48.5806010242,948.0
10,35.6757422202,945.0
